{
"apiVersion": "V2",
"assemblies": [
{
  "files": [
    {
      "filePath": "data_summary.tsv",
      "fileType": "DATA_TABLE",
      "uncompressedLengthBytes": "387"
    },
    {
      "filePath": "assembly_data_report.jsonl",
      "fileType": "DATA_REPORT",
      "uncompressedLengthBytes": "3445"
    }
  ]
},{
  "accession": "GCF_000500365.1",
  "files": [
    {
      "filePath": "GCF_000500365.1/genomic.gff",
      "fileType": "GFF3",
      "uncompressedLengthBytes": "2884758"
    }
  ]
}]}
